sin(x),cos(x)
sin(0.000) = 0.000,cos(0.000) = 1.000
sin(0.010) = 0.010,cos(0.010) = 1.000
sin(0.020) = 0.020,cos(0.020) = 1.000
sin(0.030) = 0.030,cos(0.030) = 1.000
sin(0.040) = 0.040,cos(0.040) = 0.999
sin(0.050) = 0.050,cos(0.050) = 0.999
sin(0.060) = 0.060,cos(0.060) = 0.998
sin(0.070) = 0.070,cos(0.070) = 0.998
sin(0.080) = 0.080,cos(0.080) = 0.997
sin(0.090) = 0.090,cos(0.090) = 0.996
sin(0.100) = 0.100,cos(0.100) = 0.995
sin(0.110) = 0.110,cos(0.110) = 0.994
sin(0.120) = 0.120,cos(0.120) = 0.993
sin(0.130) = 0.130,cos(0.130) = 0.992
sin(0.140) = 0.140,cos(0.140) = 0.990
sin(0.150) = 0.149,cos(0.150) = 0.989
sin(0.160) = 0.159,cos(0.160) = 0.987
sin(0.170) = 0.169,cos(0.170) = 0.986
sin(0.180) = 0.179,cos(0.180) = 0.984
sin(0.190) = 0.189,cos(0.190) = 0.982
sin(0.200) = 0.199,cos(0.200) = 0.980
sin(0.210) = 0.208,cos(0.210) = 0.978
sin(0.220) = 0.218,cos(0.220) = 0.976
sin(0.230) = 0.228,cos(0.230) = 0.974
sin(0.240) = 0.238,cos(0.240) = 0.971
sin(0.250) = 0.247,cos(0.250) = 0.969
sin(0.260) = 0.257,cos(0.260) = 0.966
sin(0.270) = 0.267,cos(0.270) = 0.964
sin(0.280) = 0.276,cos(0.280) = 0.961
sin(0.290) = 0.286,cos(0.290) = 0.958
sin(0.300) = 0.296,cos(0.300) = 0.955
sin(0.310) = 0.305,cos(0.310) = 0.952
sin(0.320) = 0.315,cos(0.320) = 0.949
sin(0.330) = 0.324,cos(0.330) = 0.946
sin(0.340) = 0.333,cos(0.340) = 0.943
sin(0.350) = 0.343,cos(0.350) = 0.939
sin(0.360) = 0.352,cos(0.360) = 0.936
sin(0.370) = 0.362,cos(0.370) = 0.932
sin(0.380) = 0.371,cos(0.380) = 0.929
sin(0.390) = 0.380,cos(0.390) = 0.925
sin(0.400) = 0.389,cos(0.400) = 0.921
sin(0.410) = 0.399,cos(0.410) = 0.917
sin(0.420) = 0.408,cos(0.420) = 0.913
sin(0.430) = 0.417,cos(0.430) = 0.909
sin(0.440) = 0.426,cos(0.440) = 0.905
sin(0.450) = 0.435,cos(0.450) = 0.900
sin(0.460) = 0.444,cos(0.460) = 0.896
sin(0.470) = 0.453,cos(0.470) = 0.892
sin(0.480) = 0.462,cos(0.480) = 0.887
sin(0.490) = 0.471,cos(0.490) = 0.882
sin(0.500) = 0.479,cos(0.500) = 0.878
sin(0.510) = 0.488,cos(0.510) = 0.873
sin(0.520) = 0.497,cos(0.520) = 0.868
sin(0.530) = 0.506,cos(0.530) = 0.863
sin(0.540) = 0.514,cos(0.540) = 0.858
sin(0.550) = 0.523,cos(0.550) = 0.853
sin(0.560) = 0.531,cos(0.560) = 0.847
sin(0.570) = 0.540,cos(0.570) = 0.842
sin(0.580) = 0.548,cos(0.580) = 0.836
sin(0.590) = 0.556,cos(0.590) = 0.831
sin(0.600) = 0.565,cos(0.600) = 0.825
sin(0.610) = 0.573,cos(0.610) = 0.820
sin(0.620) = 0.581,cos(0.620) = 0.814
sin(0.630) = 0.589,cos(0.630) = 0.808
sin(0.640) = 0.597,cos(0.640) = 0.802
sin(0.650) = 0.605,cos(0.650) = 0.796
sin(0.660) = 0.613,cos(0.660) = 0.790
sin(0.670) = 0.621,cos(0.670) = 0.784
sin(0.680) = 0.629,cos(0.680) = 0.778
sin(0.690) = 0.637,cos(0.690) = 0.771
sin(0.700) = 0.644,cos(0.700) = 0.765
sin(0.710) = 0.652,cos(0.710) = 0.758
sin(0.720) = 0.659,cos(0.720) = 0.752
sin(0.730) = 0.667,cos(0.730) = 0.745
sin(0.740) = 0.674,cos(0.740) = 0.738
sin(0.750) = 0.682,cos(0.750) = 0.732
sin(0.760) = 0.689,cos(0.760) = 0.725
sin(0.770) = 0.696,cos(0.770) = 0.718
sin(0.780) = 0.703,cos(0.780) = 0.711
sin(0.790) = 0.710,cos(0.790) = 0.704
sin(0.800) = 0.717,cos(0.800) = 0.697
sin(0.810) = 0.724,cos(0.810) = 0.689
sin(0.820) = 0.731,cos(0.820) = 0.682
sin(0.830) = 0.738,cos(0.830) = 0.675
sin(0.840) = 0.745,cos(0.840) = 0.667
sin(0.850) = 0.751,cos(0.850) = 0.660
sin(0.860) = 0.758,cos(0.860) = 0.652
sin(0.870) = 0.764,cos(0.870) = 0.645
sin(0.880) = 0.771,cos(0.880) = 0.637
sin(0.890) = 0.777,cos(0.890) = 0.629
sin(0.900) = 0.783,cos(0.900) = 0.622
sin(0.910) = 0.790,cos(0.910) = 0.614
sin(0.920) = 0.796,cos(0.920) = 0.606
sin(0.930) = 0.802,cos(0.930) = 0.598
sin(0.940) = 0.808,cos(0.940) = 0.590
sin(0.950) = 0.813,cos(0.950) = 0.582
sin(0.960) = 0.819,cos(0.960) = 0.574
sin(0.970) = 0.825,cos(0.970) = 0.565
sin(0.980) = 0.830,cos(0.980) = 0.557
sin(0.990) = 0.836,cos(0.990) = 0.549
sin(1.000) = 0.841,cos(1.000) = 0.540
sin(1.010) = 0.847,cos(1.010) = 0.532
sin(1.020) = 0.852,cos(1.020) = 0.523
sin(1.030) = 0.857,cos(1.030) = 0.515
sin(1.040) = 0.862,cos(1.040) = 0.506
sin(1.050) = 0.867,cos(1.050) = 0.498
sin(1.060) = 0.872,cos(1.060) = 0.489
sin(1.070) = 0.877,cos(1.070) = 0.480
sin(1.080) = 0.882,cos(1.080) = 0.471
sin(1.090) = 0.887,cos(1.090) = 0.462
sin(1.100) = 0.891,cos(1.100) = 0.454
sin(1.110) = 0.896,cos(1.110) = 0.445
sin(1.120) = 0.900,cos(1.120) = 0.436
sin(1.130) = 0.904,cos(1.130) = 0.427
sin(1.140) = 0.909,cos(1.140) = 0.418
sin(1.150) = 0.913,cos(1.150) = 0.408
sin(1.160) = 0.917,cos(1.160) = 0.399
sin(1.170) = 0.921,cos(1.170) = 0.390
sin(1.180) = 0.925,cos(1.180) = 0.381
sin(1.190) = 0.928,cos(1.190) = 0.372
sin(1.200) = 0.932,cos(1.200) = 0.362
sin(1.210) = 0.936,cos(1.210) = 0.353
sin(1.220) = 0.939,cos(1.220) = 0.344
sin(1.230) = 0.942,cos(1.230) = 0.334
sin(1.240) = 0.946,cos(1.240) = 0.325
sin(1.250) = 0.949,cos(1.250) = 0.315
sin(1.260) = 0.952,cos(1.260) = 0.306
sin(1.270) = 0.955,cos(1.270) = 0.296
sin(1.280) = 0.958,cos(1.280) = 0.287
sin(1.290) = 0.961,cos(1.290) = 0.277
sin(1.300) = 0.964,cos(1.300) = 0.267
sin(1.310) = 0.966,cos(1.310) = 0.258
sin(1.320) = 0.969,cos(1.320) = 0.248
sin(1.330) = 0.971,cos(1.330) = 0.238
sin(1.340) = 0.973,cos(1.340) = 0.229
sin(1.350) = 0.976,cos(1.350) = 0.219
sin(1.360) = 0.978,cos(1.360) = 0.209
sin(1.370) = 0.980,cos(1.370) = 0.199
sin(1.380) = 0.982,cos(1.380) = 0.190
sin(1.390) = 0.984,cos(1.390) = 0.180
sin(1.400) = 0.985,cos(1.400) = 0.170
sin(1.410) = 0.987,cos(1.410) = 0.160
sin(1.420) = 0.989,cos(1.420) = 0.150
sin(1.430) = 0.990,cos(1.430) = 0.140
sin(1.440) = 0.991,cos(1.440) = 0.130
sin(1.450) = 0.993,cos(1.450) = 0.121
sin(1.460) = 0.994,cos(1.460) = 0.111
sin(1.470) = 0.995,cos(1.470) = 0.101
sin(1.480) = 0.996,cos(1.480) = 0.091
sin(1.490) = 0.997,cos(1.490) = 0.081
sin(1.500) = 0.997,cos(1.500) = 0.071
sin(1.510) = 0.998,cos(1.510) = 0.061
sin(1.520) = 0.999,cos(1.520) = 0.051
sin(1.530) = 0.999,cos(1.530) = 0.041
sin(1.540) = 1.000,cos(1.540) = 0.031
sin(1.550) = 1.000,cos(1.550) = 0.021
sin(1.560) = 1.000,cos(1.560) = 0.011
sin(1.570) = 1.000,cos(1.570) = 0.001
sin(1.580) = 1.000,cos(1.580) = -0.009
sin(1.590) = 1.000,cos(1.590) = -0.019
sin(1.600) = 1.000,cos(1.600) = -0.029
sin(1.610) = 0.999,cos(1.610) = -0.039
sin(1.620) = 0.999,cos(1.620) = -0.049
sin(1.630) = 0.998,cos(1.630) = -0.059
sin(1.640) = 0.998,cos(1.640) = -0.069
sin(1.650) = 0.997,cos(1.650) = -0.079
sin(1.660) = 0.996,cos(1.660) = -0.089
sin(1.670) = 0.995,cos(1.670) = -0.099
sin(1.680) = 0.994,cos(1.680) = -0.109
sin(1.690) = 0.993,cos(1.690) = -0.119
sin(1.700) = 0.992,cos(1.700) = -0.129
sin(1.710) = 0.990,cos(1.710) = -0.139
sin(1.720) = 0.989,cos(1.720) = -0.149
sin(1.730) = 0.987,cos(1.730) = -0.159
sin(1.740) = 0.986,cos(1.740) = -0.168
sin(1.750) = 0.984,cos(1.750) = -0.178
sin(1.760) = 0.982,cos(1.760) = -0.188
sin(1.770) = 0.980,cos(1.770) = -0.198
sin(1.780) = 0.978,cos(1.780) = -0.208
sin(1.790) = 0.976,cos(1.790) = -0.217
sin(1.800) = 0.974,cos(1.800) = -0.227
sin(1.810) = 0.972,cos(1.810) = -0.237
sin(1.820) = 0.969,cos(1.820) = -0.247
sin(1.830) = 0.967,cos(1.830) = -0.256
sin(1.840) = 0.964,cos(1.840) = -0.266
sin(1.850) = 0.961,cos(1.850) = -0.276
sin(1.860) = 0.958,cos(1.860) = -0.285
sin(1.870) = 0.956,cos(1.870) = -0.295
sin(1.880) = 0.953,cos(1.880) = -0.304
sin(1.890) = 0.949,cos(1.890) = -0.314
sin(1.900) = 0.946,cos(1.900) = -0.323
sin(1.910) = 0.943,cos(1.910) = -0.333
sin(1.920) = 0.940,cos(1.920) = -0.342
sin(1.930) = 0.936,cos(1.930) = -0.352
sin(1.940) = 0.933,cos(1.940) = -0.361
sin(1.950) = 0.929,cos(1.950) = -0.370
sin(1.960) = 0.925,cos(1.960) = -0.379
sin(1.970) = 0.921,cos(1.970) = -0.389
sin(1.980) = 0.917,cos(1.980) = -0.398
sin(1.990) = 0.913,cos(1.990) = -0.407
sin(2.000) = 0.909,cos(2.000) = -0.416
sin(2.010) = 0.905,cos(2.010) = -0.425
sin(2.020) = 0.901,cos(2.020) = -0.434
sin(2.030) = 0.896,cos(2.030) = -0.443
sin(2.040) = 0.892,cos(2.040) = -0.452
sin(2.050) = 0.887,cos(2.050) = -0.461
sin(2.060) = 0.883,cos(2.060) = -0.470
sin(2.070) = 0.878,cos(2.070) = -0.479
sin(2.080) = 0.873,cos(2.080) = -0.487
sin(2.090) = 0.868,cos(2.090) = -0.496
sin(2.100) = 0.863,cos(2.100) = -0.505
sin(2.110) = 0.858,cos(2.110) = -0.513
sin(2.120) = 0.853,cos(2.120) = -0.522
sin(2.130) = 0.848,cos(2.130) = -0.531
sin(2.140) = 0.842,cos(2.140) = -0.539
sin(2.150) = 0.837,cos(2.150) = -0.547
sin(2.160) = 0.831,cos(2.160) = -0.556
sin(2.170) = 0.826,cos(2.170) = -0.564
sin(2.180) = 0.820,cos(2.180) = -0.572
sin(2.190) = 0.814,cos(2.190) = -0.580
sin(2.200) = 0.808,cos(2.200) = -0.589
sin(2.210) = 0.803,cos(2.210) = -0.597
sin(2.220) = 0.797,cos(2.220) = -0.605
sin(2.230) = 0.790,cos(2.230) = -0.612
sin(2.240) = 0.784,cos(2.240) = -0.620
sin(2.250) = 0.778,cos(2.250) = -0.628
sin(2.260) = 0.772,cos(2.260) = -0.636
sin(2.270) = 0.765,cos(2.270) = -0.644
sin(2.280) = 0.759,cos(2.280) = -0.651
sin(2.290) = 0.752,cos(2.290) = -0.659
sin(2.300) = 0.746,cos(2.300) = -0.666
sin(2.310) = 0.739,cos(2.310) = -0.674
sin(2.320) = 0.732,cos(2.320) = -0.681
sin(2.330) = 0.725,cos(2.330) = -0.688
sin(2.340) = 0.718,cos(2.340) = -0.696
sin(2.350) = 0.711,cos(2.350) = -0.703
sin(2.360) = 0.704,cos(2.360) = -0.710
sin(2.370) = 0.697,cos(2.370) = -0.717
sin(2.380) = 0.690,cos(2.380) = -0.724
sin(2.390) = 0.683,cos(2.390) = -0.731
sin(2.400) = 0.675,cos(2.400) = -0.737
sin(2.410) = 0.668,cos(2.410) = -0.744
sin(2.420) = 0.661,cos(2.420) = -0.751
sin(2.430) = 0.653,cos(2.430) = -0.757
sin(2.440) = 0.645,cos(2.440) = -0.764
sin(2.450) = 0.638,cos(2.450) = -0.770
sin(2.460) = 0.630,cos(2.460) = -0.777
sin(2.470) = 0.622,cos(2.470) = -0.783
sin(2.480) = 0.614,cos(2.480) = -0.789
sin(2.490) = 0.606,cos(2.490) = -0.795
sin(2.500) = 0.598,cos(2.500) = -0.801
sin(2.510) = 0.590,cos(2.510) = -0.807
sin(2.520) = 0.582,cos(2.520) = -0.813
sin(2.530) = 0.574,cos(2.530) = -0.819
sin(2.540) = 0.566,cos(2.540) = -0.824
sin(2.550) = 0.558,cos(2.550) = -0.830
sin(2.560) = 0.549,cos(2.560) = -0.836
sin(2.570) = 0.541,cos(2.570) = -0.841
sin(2.580) = 0.533,cos(2.580) = -0.846
sin(2.590) = 0.524,cos(2.590) = -0.852
sin(2.600) = 0.516,cos(2.600) = -0.857
sin(2.610) = 0.507,cos(2.610) = -0.862
sin(2.620) = 0.498,cos(2.620) = -0.867
sin(2.630) = 0.490,cos(2.630) = -0.872
sin(2.640) = 0.481,cos(2.640) = -0.877
sin(2.650) = 0.472,cos(2.650) = -0.882
sin(2.660) = 0.463,cos(2.660) = -0.886
sin(2.670) = 0.454,cos(2.670) = -0.891
sin(2.680) = 0.445,cos(2.680) = -0.895
sin(2.690) = 0.436,cos(2.690) = -0.900
sin(2.700) = 0.427,cos(2.700) = -0.904
sin(2.710) = 0.418,cos(2.710) = -0.908
sin(2.720) = 0.409,cos(2.720) = -0.912
sin(2.730) = 0.400,cos(2.730) = -0.916
sin(2.740) = 0.391,cos(2.740) = -0.920
sin(2.750) = 0.382,cos(2.750) = -0.924
sin(2.760) = 0.372,cos(2.760) = -0.928
sin(2.770) = 0.363,cos(2.770) = -0.932
sin(2.780) = 0.354,cos(2.780) = -0.935
sin(2.790) = 0.344,cos(2.790) = -0.939
sin(2.800) = 0.335,cos(2.800) = -0.942
sin(2.810) = 0.326,cos(2.810) = -0.946
sin(2.820) = 0.316,cos(2.820) = -0.949
sin(2.830) = 0.307,cos(2.830) = -0.952
sin(2.840) = 0.297,cos(2.840) = -0.955
sin(2.850) = 0.287,cos(2.850) = -0.958
sin(2.860) = 0.278,cos(2.860) = -0.961
sin(2.870) = 0.268,cos(2.870) = -0.963
sin(2.880) = 0.259,cos(2.880) = -0.966
sin(2.890) = 0.249,cos(2.890) = -0.969
sin(2.900) = 0.239,cos(2.900) = -0.971
sin(2.910) = 0.230,cos(2.910) = -0.973
sin(2.920) = 0.220,cos(2.920) = -0.976
sin(2.930) = 0.210,cos(2.930) = -0.978
sin(2.940) = 0.200,cos(2.940) = -0.980
sin(2.950) = 0.190,cos(2.950) = -0.982
sin(2.960) = 0.181,cos(2.960) = -0.984
sin(2.970) = 0.171,cos(2.970) = -0.985
sin(2.980) = 0.161,cos(2.980) = -0.987
sin(2.990) = 0.151,cos(2.990) = -0.989
sin(3.000) = 0.141,cos(3.000) = -0.990
sin(3.010) = 0.131,cos(3.010) = -0.991
sin(3.020) = 0.121,cos(3.020) = -0.993
sin(3.030) = 0.111,cos(3.030) = -0.994
sin(3.040) = 0.101,cos(3.040) = -0.995
sin(3.050) = 0.091,cos(3.050) = -0.996
sin(3.060) = 0.082,cos(3.060) = -0.997
sin(3.070) = 0.072,cos(3.070) = -0.997
sin(3.080) = 0.062,cos(3.080) = -0.998
sin(3.090) = 0.052,cos(3.090) = -0.999
sin(3.100) = 0.042,cos(3.100) = -0.999
sin(3.110) = 0.032,cos(3.110) = -1.000
sin(3.120) = 0.022,cos(3.120) = -1.000
sin(3.130) = 0.012,cos(3.130) = -1.000
sin(3.140) = 0.002,cos(3.140) = -1.000
sin(3.150) = -0.008,cos(3.150) = -1.000
sin(3.160) = -0.018,cos(3.160) = -1.000
sin(3.170) = -0.028,cos(3.170) = -1.000
sin(3.180) = -0.038,cos(3.180) = -0.999
sin(3.190) = -0.048,cos(3.190) = -0.999
sin(3.200) = -0.058,cos(3.200) = -0.998
sin(3.210) = -0.068,cos(3.210) = -0.998
sin(3.220) = -0.078,cos(3.220) = -0.997
sin(3.230) = -0.088,cos(3.230) = -0.996
sin(3.240) = -0.098,cos(3.240) = -0.995
sin(3.250) = -0.108,cos(3.250) = -0.994
sin(3.260) = -0.118,cos(3.260) = -0.993
sin(3.270) = -0.128,cos(3.270) = -0.992
sin(3.280) = -0.138,cos(3.280) = -0.990
sin(3.290) = -0.148,cos(3.290) = -0.989
sin(3.300) = -0.158,cos(3.300) = -0.987
sin(3.310) = -0.168,cos(3.310) = -0.986
sin(3.320) = -0.177,cos(3.320) = -0.984
sin(3.330) = -0.187,cos(3.330) = -0.982
sin(3.340) = -0.197,cos(3.340) = -0.980
sin(3.350) = -0.207,cos(3.350) = -0.978
sin(3.360) = -0.217,cos(3.360) = -0.976
sin(3.370) = -0.226,cos(3.370) = -0.974
sin(3.380) = -0.236,cos(3.380) = -0.972
sin(3.390) = -0.246,cos(3.390) = -0.969
sin(3.400) = -0.256,cos(3.400) = -0.967
sin(3.410) = -0.265,cos(3.410) = -0.964
sin(3.420) = -0.275,cos(3.420) = -0.961
sin(3.430) = -0.284,cos(3.430) = -0.959
sin(3.440) = -0.294,cos(3.440) = -0.956
sin(3.450) = -0.304,cos(3.450) = -0.953
sin(3.460) = -0.313,cos(3.460) = -0.950
sin(3.470) = -0.323,cos(3.470) = -0.947
sin(3.480) = -0.332,cos(3.480) = -0.943
sin(3.490) = -0.341,cos(3.490) = -0.940
sin(3.500) = -0.351,cos(3.500) = -0.936
sin(3.510) = -0.360,cos(3.510) = -0.933
sin(3.520) = -0.369,cos(3.520) = -0.929
sin(3.530) = -0.379,cos(3.530) = -0.926
sin(3.540) = -0.388,cos(3.540) = -0.922
sin(3.550) = -0.397,cos(3.550) = -0.918
sin(3.560) = -0.406,cos(3.560) = -0.914
sin(3.570) = -0.415,cos(3.570) = -0.910
sin(3.580) = -0.424,cos(3.580) = -0.905
sin(3.590) = -0.434,cos(3.590) = -0.901
sin(3.600) = -0.443,cos(3.600) = -0.897
sin(3.610) = -0.451,cos(3.610) = -0.892
sin(3.620) = -0.460,cos(3.620) = -0.888
sin(3.630) = -0.469,cos(3.630) = -0.883
sin(3.640) = -0.478,cos(3.640) = -0.878
sin(3.650) = -0.487,cos(3.650) = -0.874
sin(3.660) = -0.495,cos(3.660) = -0.869
sin(3.670) = -0.504,cos(3.670) = -0.864
sin(3.680) = -0.513,cos(3.680) = -0.859
sin(3.690) = -0.521,cos(3.690) = -0.853
sin(3.700) = -0.530,cos(3.700) = -0.848
sin(3.710) = -0.538,cos(3.710) = -0.843
sin(3.720) = -0.547,cos(3.720) = -0.837
sin(3.730) = -0.555,cos(3.730) = -0.832
sin(3.740) = -0.563,cos(3.740) = -0.826
sin(3.750) = -0.572,cos(3.750) = -0.821
sin(3.760) = -0.580,cos(3.760) = -0.815
sin(3.770) = -0.588,cos(3.770) = -0.809
sin(3.780) = -0.596,cos(3.780) = -0.803
sin(3.790) = -0.604,cos(3.790) = -0.797
sin(3.800) = -0.612,cos(3.800) = -0.791
sin(3.810) = -0.620,cos(3.810) = -0.785
sin(3.820) = -0.628,cos(3.820) = -0.779
sin(3.830) = -0.635,cos(3.830) = -0.772
sin(3.840) = -0.643,cos(3.840) = -0.766
sin(3.850) = -0.651,cos(3.850) = -0.759
sin(3.860) = -0.658,cos(3.860) = -0.753
sin(3.870) = -0.666,cos(3.870) = -0.746
sin(3.880) = -0.673,cos(3.880) = -0.740
sin(3.890) = -0.680,cos(3.890) = -0.733
sin(3.900) = -0.688,cos(3.900) = -0.726
sin(3.910) = -0.695,cos(3.910) = -0.719
sin(3.920) = -0.702,cos(3.920) = -0.712
sin(3.930) = -0.709,cos(3.930) = -0.705
sin(3.940) = -0.716,cos(3.940) = -0.698
sin(3.950) = -0.723,cos(3.950) = -0.691
sin(3.960) = -0.730,cos(3.960) = -0.683
sin(3.970) = -0.737,cos(3.970) = -0.676
sin(3.980) = -0.744,cos(3.980) = -0.669
sin(3.990) = -0.750,cos(3.990) = -0.661
sin(4.000) = -0.757,cos(4.000) = -0.654
sin(4.010) = -0.763,cos(4.010) = -0.646
sin(4.020) = -0.770,cos(4.020) = -0.638
sin(4.030) = -0.776,cos(4.030) = -0.631
sin(4.040) = -0.782,cos(4.040) = -0.623
sin(4.050) = -0.789,cos(4.050) = -0.615
sin(4.060) = -0.795,cos(4.060) = -0.607
sin(4.070) = -0.801,cos(4.070) = -0.599
sin(4.080) = -0.807,cos(4.080) = -0.591
sin(4.090) = -0.812,cos(4.090) = -0.583
sin(4.100) = -0.818,cos(4.100) = -0.575
sin(4.110) = -0.824,cos(4.110) = -0.567
sin(4.120) = -0.830,cos(4.120) = -0.558
sin(4.130) = -0.835,cos(4.130) = -0.550
sin(4.140) = -0.841,cos(4.140) = -0.542
sin(4.150) = -0.846,cos(4.150) = -0.533
sin(4.160) = -0.851,cos(4.160) = -0.525
sin(4.170) = -0.856,cos(4.170) = -0.516
sin(4.180) = -0.862,cos(4.180) = -0.508
sin(4.190) = -0.867,cos(4.190) = -0.499
sin(4.200) = -0.872,cos(4.200) = -0.490
sin(4.210) = -0.876,cos(4.210) = -0.482
sin(4.220) = -0.881,cos(4.220) = -0.473
sin(4.230) = -0.886,cos(4.230) = -0.464
sin(4.240) = -0.890,cos(4.240) = -0.455
sin(4.250) = -0.895,cos(4.250) = -0.446
sin(4.260) = -0.899,cos(4.260) = -0.437
sin(4.270) = -0.904,cos(4.270) = -0.428
sin(4.280) = -0.908,cos(4.280) = -0.419
sin(4.290) = -0.912,cos(4.290) = -0.410
sin(4.300) = -0.916,cos(4.300) = -0.401
sin(4.310) = -0.920,cos(4.310) = -0.392
sin(4.320) = -0.924,cos(4.320) = -0.382
sin(4.330) = -0.928,cos(4.330) = -0.373
sin(4.340) = -0.931,cos(4.340) = -0.364
sin(4.350) = -0.935,cos(4.350) = -0.355
sin(4.360) = -0.939,cos(4.360) = -0.345
sin(4.370) = -0.942,cos(4.370) = -0.336
sin(4.380) = -0.945,cos(4.380) = -0.326
sin(4.390) = -0.948,cos(4.390) = -0.317
sin(4.400) = -0.952,cos(4.400) = -0.307
sin(4.410) = -0.955,cos(4.410) = -0.298
sin(4.420) = -0.958,cos(4.420) = -0.288
sin(4.430) = -0.960,cos(4.430) = -0.279
sin(4.440) = -0.963,cos(4.440) = -0.269
sin(4.450) = -0.966,cos(4.450) = -0.259
sin(4.460) = -0.968,cos(4.460) = -0.250
sin(4.470) = -0.971,cos(4.470) = -0.240
sin(4.480) = -0.973,cos(4.480) = -0.230
sin(4.490) = -0.975,cos(4.490) = -0.221
sin(4.500) = -0.978,cos(4.500) = -0.211
sin(4.510) = -0.980,cos(4.510) = -0.201
sin(4.520) = -0.982,cos(4.520) = -0.191
sin(4.530) = -0.983,cos(4.530) = -0.181
sin(4.540) = -0.985,cos(4.540) = -0.172
sin(4.550) = -0.987,cos(4.550) = -0.162
sin(4.560) = -0.988,cos(4.560) = -0.152
sin(4.570) = -0.990,cos(4.570) = -0.142
sin(4.580) = -0.991,cos(4.580) = -0.132
sin(4.590) = -0.993,cos(4.590) = -0.122
sin(4.600) = -0.994,cos(4.600) = -0.112
sin(4.610) = -0.995,cos(4.610) = -0.102
sin(4.620) = -0.996,cos(4.620) = -0.092
sin(4.630) = -0.997,cos(4.630) = -0.082
sin(4.640) = -0.997,cos(4.640) = -0.072
sin(4.650) = -0.998,cos(4.650) = -0.062
sin(4.660) = -0.999,cos(4.660) = -0.052
sin(4.670) = -0.999,cos(4.670) = -0.042
sin(4.680) = -0.999,cos(4.680) = -0.032
sin(4.690) = -1.000,cos(4.690) = -0.022
sin(4.700) = -1.000,cos(4.700) = -0.012
sin(4.710) = -1.000,cos(4.710) = -0.002
sin(4.720) = -1.000,cos(4.720) = 0.008
sin(4.730) = -1.000,cos(4.730) = 0.018
sin(4.740) = -1.000,cos(4.740) = 0.028
sin(4.750) = -0.999,cos(4.750) = 0.038
sin(4.760) = -0.999,cos(4.760) = 0.048
sin(4.770) = -0.998,cos(4.770) = 0.058
sin(4.780) = -0.998,cos(4.780) = 0.068
sin(4.790) = -0.997,cos(4.790) = 0.078
sin(4.800) = -0.996,cos(4.800) = 0.087
sin(4.810) = -0.995,cos(4.810) = 0.097
sin(4.820) = -0.994,cos(4.820) = 0.107
sin(4.830) = -0.993,cos(4.830) = 0.117
sin(4.840) = -0.992,cos(4.840) = 0.127
sin(4.850) = -0.991,cos(4.850) = 0.137
sin(4.860) = -0.989,cos(4.860) = 0.147
sin(4.870) = -0.988,cos(4.870) = 0.157
sin(4.880) = -0.986,cos(4.880) = 0.167
sin(4.890) = -0.984,cos(4.890) = 0.177
sin(4.900) = -0.982,cos(4.900) = 0.187
sin(4.910) = -0.981,cos(4.910) = 0.196
sin(4.920) = -0.979,cos(4.920) = 0.206
sin(4.930) = -0.976,cos(4.930) = 0.216
sin(4.940) = -0.974,cos(4.940) = 0.226
sin(4.950) = -0.972,cos(4.950) = 0.235
sin(4.960) = -0.970,cos(4.960) = 0.245
sin(4.970) = -0.967,cos(4.970) = 0.255
sin(4.980) = -0.964,cos(4.980) = 0.264
sin(4.990) = -0.962,cos(4.990) = 0.274
sin(5.000) = -0.959,cos(5.000) = 0.284
sin(5.010) = -0.956,cos(5.010) = 0.293
sin(5.020) = -0.953,cos(5.020) = 0.303
sin(5.030) = -0.950,cos(5.030) = 0.312
sin(5.040) = -0.947,cos(5.040) = 0.322
sin(5.050) = -0.944,cos(5.050) = 0.331
sin(5.060) = -0.940,cos(5.060) = 0.341
sin(5.070) = -0.937,cos(5.070) = 0.350
sin(5.080) = -0.933,cos(5.080) = 0.359
sin(5.090) = -0.930,cos(5.090) = 0.369
sin(5.100) = -0.926,cos(5.100) = 0.378
sin(5.110) = -0.922,cos(5.110) = 0.387
sin(5.120) = -0.918,cos(5.120) = 0.396
sin(5.130) = -0.914,cos(5.130) = 0.406
sin(5.140) = -0.910,cos(5.140) = 0.415
sin(5.150) = -0.906,cos(5.150) = 0.424
sin(5.160) = -0.901,cos(5.160) = 0.433
sin(5.170) = -0.897,cos(5.170) = 0.442
sin(5.180) = -0.893,cos(5.180) = 0.451
sin(5.190) = -0.888,cos(5.190) = 0.460
sin(5.200) = -0.883,cos(5.200) = 0.469
sin(5.210) = -0.879,cos(5.210) = 0.477
sin(5.220) = -0.874,cos(5.220) = 0.486
sin(5.230) = -0.869,cos(5.230) = 0.495
sin(5.240) = -0.864,cos(5.240) = 0.503
sin(5.250) = -0.859,cos(5.250) = 0.512
sin(5.260) = -0.854,cos(5.260) = 0.521
sin(5.270) = -0.849,cos(5.270) = 0.529
sin(5.280) = -0.843,cos(5.280) = 0.538
sin(5.290) = -0.838,cos(5.290) = 0.546
sin(5.300) = -0.832,cos(5.300) = 0.554
sin(5.310) = -0.827,cos(5.310) = 0.563
sin(5.320) = -0.821,cos(5.320) = 0.571
sin(5.330) = -0.815,cos(5.330) = 0.579
sin(5.340) = -0.809,cos(5.340) = 0.587
sin(5.350) = -0.804,cos(5.350) = 0.595
sin(5.360) = -0.798,cos(5.360) = 0.603
sin(5.370) = -0.791,cos(5.370) = 0.611
sin(5.380) = -0.785,cos(5.380) = 0.619
sin(5.390) = -0.779,cos(5.390) = 0.627
sin(5.400) = -0.773,cos(5.400) = 0.635
sin(5.410) = -0.766,cos(5.410) = 0.642
sin(5.420) = -0.760,cos(5.420) = 0.650
sin(5.430) = -0.753,cos(5.430) = 0.658
sin(5.440) = -0.747,cos(5.440) = 0.665
sin(5.450) = -0.740,cos(5.450) = 0.673
sin(5.460) = -0.733,cos(5.460) = 0.680
sin(5.470) = -0.726,cos(5.470) = 0.687
sin(5.480) = -0.720,cos(5.480) = 0.694
sin(5.490) = -0.713,cos(5.490) = 0.702
sin(5.500) = -0.706,cos(5.500) = 0.709
sin(5.510) = -0.698,cos(5.510) = 0.716
sin(5.520) = -0.691,cos(5.520) = 0.723
sin(5.530) = -0.684,cos(5.530) = 0.730
sin(5.540) = -0.677,cos(5.540) = 0.736
sin(5.550) = -0.669,cos(5.550) = 0.743
sin(5.560) = -0.662,cos(5.560) = 0.750
sin(5.570) = -0.654,cos(5.570) = 0.756
sin(5.580) = -0.647,cos(5.580) = 0.763
sin(5.590) = -0.639,cos(5.590) = 0.769
sin(5.600) = -0.631,cos(5.600) = 0.776
sin(5.610) = -0.623,cos(5.610) = 0.782
sin(5.620) = -0.616,cos(5.620) = 0.788
sin(5.630) = -0.608,cos(5.630) = 0.794
sin(5.640) = -0.600,cos(5.640) = 0.800
sin(5.650) = -0.592,cos(5.650) = 0.806
sin(5.660) = -0.584,cos(5.660) = 0.812
sin(5.670) = -0.575,cos(5.670) = 0.818
sin(5.680) = -0.567,cos(5.680) = 0.824
sin(5.690) = -0.559,cos(5.690) = 0.829
sin(5.700) = -0.551,cos(5.700) = 0.835
sin(5.710) = -0.542,cos(5.710) = 0.840
sin(5.720) = -0.534,cos(5.720) = 0.846
sin(5.730) = -0.525,cos(5.730) = 0.851
sin(5.740) = -0.517,cos(5.740) = 0.856
sin(5.750) = -0.508,cos(5.750) = 0.861
sin(5.760) = -0.500,cos(5.760) = 0.866
sin(5.770) = -0.491,cos(5.770) = 0.871
sin(5.780) = -0.482,cos(5.780) = 0.876
sin(5.790) = -0.473,cos(5.790) = 0.881
sin(5.800) = -0.465,cos(5.800) = 0.886
sin(5.810) = -0.456,cos(5.810) = 0.890
sin(5.820) = -0.447,cos(5.820) = 0.895
sin(5.830) = -0.438,cos(5.830) = 0.899
sin(5.840) = -0.429,cos(5.840) = 0.903
sin(5.850) = -0.420,cos(5.850) = 0.908
sin(5.860) = -0.411,cos(5.860) = 0.912
sin(5.870) = -0.402,cos(5.870) = 0.916
sin(5.880) = -0.392,cos(5.880) = 0.920
sin(5.890) = -0.383,cos(5.890) = 0.924
sin(5.900) = -0.374,cos(5.900) = 0.927
sin(5.910) = -0.365,cos(5.910) = 0.931
sin(5.920) = -0.355,cos(5.920) = 0.935
sin(5.930) = -0.346,cos(5.930) = 0.938
sin(5.940) = -0.336,cos(5.940) = 0.942
sin(5.950) = -0.327,cos(5.950) = 0.945
sin(5.960) = -0.318,cos(5.960) = 0.948
sin(5.970) = -0.308,cos(5.970) = 0.951
sin(5.980) = -0.299,cos(5.980) = 0.954
sin(5.990) = -0.289,cos(5.990) = 0.957
sin(6.000) = -0.279,cos(6.000) = 0.960
sin(6.010) = -0.270,cos(6.010) = 0.963
sin(6.020) = -0.260,cos(6.020) = 0.966
sin(6.030) = -0.250,cos(6.030) = 0.968
sin(6.040) = -0.241,cos(6.040) = 0.971
sin(6.050) = -0.231,cos(6.050) = 0.973
sin(6.060) = -0.221,cos(6.060) = 0.975
sin(6.070) = -0.212,cos(6.070) = 0.977
sin(6.080) = -0.202,cos(6.080) = 0.979
sin(6.090) = -0.192,cos(6.090) = 0.981
sin(6.100) = -0.182,cos(6.100) = 0.983
sin(6.110) = -0.172,cos(6.110) = 0.985
sin(6.120) = -0.162,cos(6.120) = 0.987
sin(6.130) = -0.153,cos(6.130) = 0.988
sin(6.140) = -0.143,cos(6.140) = 0.990
sin(6.150) = -0.133,cos(6.150) = 0.991
sin(6.160) = -0.123,cos(6.160) = 0.992
sin(6.170) = -0.113,cos(6.170) = 0.994
sin(6.180) = -0.103,cos(6.180) = 0.995
sin(6.190) = -0.093,cos(6.190) = 0.996
sin(6.200) = -0.083,cos(6.200) = 0.997
sin(6.210) = -0.073,cos(6.210) = 0.997
sin(6.220) = -0.063,cos(6.220) = 0.998
sin(6.230) = -0.053,cos(6.230) = 0.999
sin(6.240) = -0.043,cos(6.240) = 0.999
sin(6.250) = -0.033,cos(6.250) = 0.999
sin(6.260) = -0.023,cos(6.260) = 1.000
sin(6.270) = -0.013,cos(6.270) = 1.000
sin(6.280) = -0.003,cos(6.280) = 1.000
